{
  "version": "2020.2",
  "applications": [],
  "platforms": [
    {
      "name": "MulticorePlatform"
    }
  ],
  "systems": [
    {
      "name": "Dualcore_project_system",
      "platform": "C:/Users/dumpherv/Desktop/452_Milestone1/MulticorePlatform/export/MulticorePlatform/MulticorePlatform.xpfm",
      "sysConfig": "MulticorePlatform",
      "buildConfig": "Debug",
      "applications": [
        {
          "name": "Dualcore_project",
          "platform": "C:/Users/dumpherv/Desktop/452_Milestone1/MulticorePlatform/export/MulticorePlatform/MulticorePlatform.xpfm",
          "platformPath": "C:\\Users\\dumpherv\\Desktop\\452_Milestone1\\MulticorePlatform\\export\\MulticorePlatform",
          "sysConfig": "MulticorePlatform",
          "domain": "standalone_domain",
          "system": "Dualcore_project_system"
        }
      ],
      "platformPath": "C:\\Users\\dumpherv\\Desktop\\452_Milestone1\\MulticorePlatform\\export\\MulticorePlatform"
    }
  ],
  "others": []
}